Workbook

Sheet matemática
A1: Matemática
I2: se(média) | J2: se(frequência) | K2: se aninhado(média) | L2: se(e) | M2: se(ou)
A3: Número | B3: Nome | C3: 1º Bim | D3: 2° Bim | E3: 3º Bim | F3: 4 Bim | G3: Média Final | H3: Frequência | I3: Resultado | J3: Resultado | K3: Resultado | L3: Resultado | M3: Resultado
A4: 1 | B4: Ana Pereira de Arruda | C4: 8 | D4: 7.3 | E4: 8.1 | F4: 6.7 | G4: =AVERAGE(C4:F4) -> 7.525 | H4: 0.7 | I4: =IF(G4<6,"reprovado","aprovado") -> aprovado | J4: =IF(H4>=75%,"ok","nok") -> nok | K4: =AND(G4>=6,H4>=75%) -> FALSE | L4: =OR(G4>=6,H4>=75%) -> TRUE
A5: 2 | B5: Antônio Oliveira | C5: 5.2 | D5: 5 | E5: 4.8 | F5: 5 | G5: =AVERAGE(C5:F5) -> 5 | H5: 0.95 | I5: =IF(G5<6,"reprovado","aprovado") -> reprovado | J5: =IF(H5>=75%,"ok","nok") -> ok | K5: =AND(G5>=6,H5>=75%) -> FALSE | L5: =OR(G5>=6,H5>=75%) -> TRUE
A6: 3 | B6: Carlos Alberto Sobrinho | C6: 6.8 | D6: 5.7 | E6: 5.2 | F6: 4 | G6: =AVERAGE(C6:F6) -> 5.425 | H6: 0.54 | I6: =IF(G6<6,"reprovado","aprovado") -> reprovado | J6: =IF(H6>=75%,"ok","nok") -> nok | K6: =AND(G6>=6,H6>=75%) -> FALSE | L6: =OR(G6>=6,H6>=75%) -> FALSE
A7: 4 | B7: Helena de Moraes | C7: 7.3 | D7: 8 | E7: 9.5 | F7: 8.3 | G7: =AVERAGE(C7:F7) -> 8.275 | H7: 1 | I7: =IF(G7<6,"reprovado","aprovado") -> aprovado | J7: =IF(H7>=75%,"ok","nok") -> ok | K7: =AND(G7>=6,H7>=75%) -> TRUE | L7: =OR(G7>=6,H7>=75%) -> TRUE
A8: 5 | B8: João Macedo | C8: 3.6 | D8: 4.5 | E8: 6.3 | F8: 3.5 | G8: =AVERAGE(C8:F8) -> 4.475 | H8: 0.74 | I8: =IF(G8<6,"reprovado","aprovado") -> reprovado | J8: =IF(H8>=75%,"ok","nok") -> nok | K8: =AND(G8>=6,H8>=75%) -> FALSE | L8: =OR(G8>=6,H8>=75%) -> FALSE
A9: 6 | B9: José Luiz Tavares | C9: 9 | D9: 8.7 | E9: 4.2 | F9: 7.8 | G9: =AVERAGE(C9:F9) -> 7.425 | H9: 0.85 | I9: =IF(G9<6,"reprovado","aprovado") -> aprovado | J9: =IF(H9>=75%,"ok","nok") -> ok | K9: =AND(G9>=6,H9>=75%) -> TRUE | L9: =OR(G9>=6,H9>=75%) -> TRUE
A10: 7 | B10: Marcelo Lima | C10: 2.9 | D10: 3.9 | E10: 2.3 | F10: 3.7 | G10: =AVERAGE(C10:F10) -> 3.2 | H10: 0 | I10: =IF(G10<6,"reprovado","aprovado") -> reprovado | J10: =IF(H10>=75%,"ok","nok") -> nok | K10: =AND(G10>=6,H10>=75%) -> FALSE | L10: =OR(G10>=6,H10>=75%) -> FALSE
A11: 8 | B11: Márcia de Sousa | C11: 9.3 | D11: 2 | E11: 1 | F11: 3 | G11: =AVERAGE(C11:F11) -> 3.825 | H11: 0.75 | I11: =IF(G11<6,"reprovado","aprovado") -> reprovado | J11: =IF(H11>=75%,"ok","nok") -> ok | K11: =AND(G11>=6,H11>=75%) -> FALSE | L11: =OR(G11>=6,H11>=75%) -> TRUE
A12: 9 | B12: Rosa Ferreira Porto | C12: 3.5 | D12: 4.5 | E12: 5.5 | F12: 6.5 | G12: =AVERAGE(C12:F12) -> 5 | H12: 1 | I12: =IF(G12<6,"reprovado","aprovado") -> reprovado | J12: =IF(H12>=75%,"ok","nok") -> ok | K12: =AND(G12>=6,H12>=75%) -> FALSE | L12: =OR(G12>=6,H12>=75%) -> TRUE
A13: 10 | B13: Sandra de Albuquerque | C13: 8 | D13: 7.9 | E13: 5 | F13: 6.5 | G13: =AVERAGE(C13:F13) -> 6.85 | H13: 0.7 | I13: =IF(G13<6,"reprovado","aprovado") -> aprovado | J13: =IF(H13>=75%,"ok","nok") -> nok | K13: =AND(G13>=6,H13>=75%) -> FALSE | L13: =OR(G13>=6,H13>=75%) -> TRUE
B16: Maior Nota Bimestral: | C16: =MAX(C4:C13) -> 9.3 | D16: =MAX(D4:D13) -> 8.7 | E16: =MAX(E4:E13) -> 9.5 | F16: =MAX(F4:F13) -> 8.3
B17: Menor Nota Bimestral: | C17: =MIN(C4:C13) -> 2.9 | D17: =MIN(D4:D13) -> 2 | E17: =MIN(E4:E13) -> 1 | F17: =MIN(F4:F13) -> 3
B19: Maior Nota Geral: | C19: =MAX(C4:F13) -> 9.5
B20: Menor Nota Geral: | C20: =MIN(C4:F13) -> 1
B22: Maior Média: | C22: =MAX(G4:G13) -> 8.275
B23: Menor Média: | C23: =MIN(G4:G13) -> 3.2

Sheet Situação
A1: situação 1 | B1: situação 2 | C1: situação 3
A2: Aprovado | B2: Reprovado | C2: Recuperação

Sheet Resultado
A1: resutado 1 | B1: resultado 2 | C1: resutado 3
A2: =IF(matemática!G4>=6.5,Situação!$A$2,Situação!$B$2) -> Aprovado | B2: =IF(AND(matemática!G4>=6.5,matemática!H4>=75%),Situação!$A$2,Situação!$B$2) -> Reprovado | C2: =IF(matemática!G4>=6.5,Situação!$A$2,IF(matemática!G4<4,Situação!$B$2,Situação!$C$2)) -> Aprovado
A3: =IF(matemática!G5>=6.5,Situação!$A$2,Situação!$B$2) -> Reprovado | B3: =IF(AND(matemática!G5>=6.5,matemática!H5>=75%),Situação!$A$2,Situação!$B$2) -> Reprovado | C3: =IF(matemática!G5>=6.5,Situação!$A$2,IF(matemática!G5<4,Situação!$B$2,Situação!$C$2)) -> Recuperação
A4: =IF(matemática!G6>=6.5,Situação!$A$2,Situação!$B$2) -> Reprovado | B4: =IF(AND(matemática!G6>=6.5,matemática!H6>=75%),Situação!$A$2,Situação!$B$2) -> Reprovado | C4: =IF(matemática!G6>=6.5,Situação!$A$2,IF(matemática!G6<4,Situação!$B$2,Situação!$C$2)) -> Recuperação
A5: =IF(matemática!G7>=6.5,Situação!$A$2,Situação!$B$2) -> Aprovado | B5: =IF(AND(matemática!G7>=6.5,matemática!H7>=75%),Situação!$A$2,Situação!$B$2) -> Aprovado | C5: =IF(matemática!G7>=6.5,Situação!$A$2,IF(matemática!G7<4,Situação!$B$2,Situação!$C$2)) -> Aprovado
A6: =IF(matemática!G8>=6.5,Situação!$A$2,Situação!$B$2) -> Reprovado | B6: =IF(AND(matemática!G8>=6.5,matemática!H8>=75%),Situação!$A$2,Situação!$B$2) -> Reprovado | C6: =IF(matemática!G8>=6.5,Situação!$A$2,IF(matemática!G8<4,Situação!$B$2,Situação!$C$2)) -> Recuperação
A7: =IF(matemática!G9>=6.5,Situação!$A$2,Situação!$B$2) -> Aprovado | B7: =IF(AND(matemática!G9>=6.5,matemática!H9>=75%),Situação!$A$2,Situação!$B$2) -> Aprovado | C7: =IF(matemática!G9>=6.5,Situação!$A$2,IF(matemática!G9<4,Situação!$B$2,Situação!$C$2)) -> Aprovado
A8: =IF(matemática!G10>=6.5,Situação!$A$2,Situação!$B$2) -> Reprovado | B8: =IF(AND(matemática!G10>=6.5,matemática!H10>=75%),Situação!$A$2,Situação!$B$2) -> Reprovado | C8: =IF(matemática!G10>=6.5,Situação!$A$2,IF(matemática!G10<4,Situação!$B$2,Situação!$C$2)) -> Reprovado
A9: =IF(matemática!G11>=6.5,Situação!$A$2,Situação!$B$2) -> Reprovado | B9: =IF(AND(matemática!G11>=6.5,matemática!H11>=75%),Situação!$A$2,Situação!$B$2) -> Reprovado | C9: =IF(matemática!G11>=6.5,Situação!$A$2,IF(matemática!G11<4,Situação!$B$2,Situação!$C$2)) -> Reprovado
A10: =IF(matemática!G12>=6.5,Situação!$A$2,Situação!$B$2) -> Reprovado | B10: =IF(AND(matemática!G12>=6.5,matemática!H12>=75%),Situação!$A$2,Situação!$B$2) -> Reprovado | C10: =IF(matemática!G12>=6.5,Situação!$A$2,IF(matemática!G12<4,Situação!$B$2,Situação!$C$2)) -> Recuperação
A11: =IF(matemática!G13>=6.5,Situação!$A$2,Situação!$B$2) -> Aprovado | B11: =IF(AND(matemática!G13>=6.5,matemática!H13>=75%),Situação!$A$2,Situação!$B$2) -> Reprovado | C11: =IF(matemática!G13>=6.5,Situação!$A$2,IF(matemática!G13<4,Situação!$B$2,Situação!$C$2)) -> Aprovado
